{"cameraMode":{"drawMode":0,"name":"Shaded","section":"Shading Mode"},"sceneLighting":true,"audioPlay":false,"sceneViewState":{"showFog":true,"showMaterialUpdate":false,"showSkybox":true,"showFlares":true,"showImageEffects":true,"showParticleSystems":true},"in2DMode":false,"pivot":{"x":5.786349296569824,"y":-19.970115661621095,"z":61.52220153808594},"rotation":{"x":0.17145316302776338,"y":0.0466768816113472,"z":-0.008132689632475376,"w":0.9840538501739502},"size":32.61039733886719,"orthographic":false}