{"cameraMode":{"drawMode":0,"name":"Shaded","section":"Shading Mode"},"sceneLighting":false,"audioPlay":false,"sceneViewState":{"showFog":true,"showMaterialUpdate":false,"showSkybox":true,"showFlares":true,"showImageEffects":true,"showParticleSystems":true},"in2DMode":false,"pivot":{"x":15.67734432220459,"y":0.4988762140274048,"z":-29.20246124267578},"rotation":{"x":-0.2278868407011032,"y":0.4876610040664673,"z":-0.13355277478694917,"w":-0.8321173787117004},"size":1.3228428363800049,"orthographic":false}