{"cameraMode":{"drawMode":0,"name":"Shaded","section":"Shading Mode"},"sceneLighting":false,"audioPlay":false,"sceneViewState":{"showFog":true,"showMaterialUpdate":false,"showSkybox":true,"showFlares":true,"showImageEffects":true,"showParticleSystems":true},"in2DMode":false,"pivot":{"x":15.749284744262696,"y":0.630756676197052,"z":-28.952465057373048},"rotation":{"x":-0.20906804502010346,"y":0.5616121292114258,"z":-0.14928650856018067,"w":-0.7865091562271118},"size":0.1278337985277176,"orthographic":false}