{"cameraMode":{"drawMode":0,"name":"Shaded","section":"Shading Mode"},"sceneLighting":true,"audioPlay":false,"sceneViewState":{"showFog":true,"showMaterialUpdate":false,"showSkybox":true,"showFlares":true,"showImageEffects":true,"showParticleSystems":true},"in2DMode":false,"pivot":{"x":-49.12517547607422,"y":39.305538177490237,"z":31.729999542236329},"rotation":{"x":0.34029051661491396,"y":0.30161216855049136,"z":-0.116201251745224,"w":0.8830605149269104},"size":10.0,"orthographic":false}